{
    "name": "root",
    "gauges": {
        "GFSX_Brain.Policy.Entropy.mean": {
            "value": 2.5171968936920166,
            "min": 2.5171968936920166,
            "max": 2.5171968936920166,
            "count": 1
        },
        "GFSX_Brain.Policy.Entropy.sum": {
            "value": 42298.9765625,
            "min": 42298.9765625,
            "max": 42298.9765625,
            "count": 1
        },
        "GFSX_Brain.Environment.EpisodeLength.mean": {
            "value": 982.5833333333334,
            "min": 982.5833333333334,
            "max": 982.5833333333334,
            "count": 1
        },
        "GFSX_Brain.Environment.EpisodeLength.sum": {
            "value": 11791.0,
            "min": 11791.0,
            "max": 11791.0,
            "count": 1
        },
        "GFSX_Brain.Step.mean": {
            "value": 9803.0,
            "min": 9803.0,
            "max": 9803.0,
            "count": 1
        },
        "GFSX_Brain.Step.sum": {
            "value": 9803.0,
            "min": 9803.0,
            "max": 9803.0,
            "count": 1
        },
        "GFSX_Brain.Policy.ExtrinsicValueEstimate.mean": {
            "value": 0.10621348768472672,
            "min": 0.10621348768472672,
            "max": 0.10621348768472672,
            "count": 1
        },
        "GFSX_Brain.Policy.ExtrinsicValueEstimate.sum": {
            "value": 1.062134861946106,
            "min": 1.062134861946106,
            "max": 1.062134861946106,
            "count": 1
        },
        "GFSX_Brain.Environment.CumulativeReward.mean": {
            "value": -2.9875782132148743,
            "min": -2.9875782132148743,
            "max": -2.9875782132148743,
            "count": 1
        },
        "GFSX_Brain.Environment.CumulativeReward.sum": {
            "value": -29.875782132148743,
            "min": -29.875782132148743,
            "max": -29.875782132148743,
            "count": 1
        },
        "GFSX_Brain.Policy.ExtrinsicReward.mean": {
            "value": -2.9875782132148743,
            "min": -2.9875782132148743,
            "max": -2.9875782132148743,
            "count": 1
        },
        "GFSX_Brain.Policy.ExtrinsicReward.sum": {
            "value": -29.875782132148743,
            "min": -29.875782132148743,
            "max": -29.875782132148743,
            "count": 1
        },
        "GFSX_Brain.IsTraining.mean": {
            "value": 1.0,
            "min": 1.0,
            "max": 1.0,
            "count": 1
        },
        "GFSX_Brain.IsTraining.sum": {
            "value": 1.0,
            "min": 1.0,
            "max": 1.0,
            "count": 1
        }
    },
    "metadata": {
        "timer_format_version": "0.1.0",
        "start_time_seconds": "1784282641",
        "python_version": "3.10.12 | packaged by Anaconda, Inc. | (main, Jul  5 2023, 19:01:18) [MSC v.1916 64 bit (AMD64)]",
        "command_line_arguments": "C:\\Users\\kirill\\miniconda3\\envs\\mlagents\\Scripts\\mlagents-learn config.yaml --env=./Builds/testBuild2/Studcamp1.exe --run-id=my_thr_run --num-envs=10 --no-graphics --force",
        "mlagents_version": "1.1.0",
        "mlagents_envs_version": "1.1.0",
        "communication_protocol_version": "1.5.0",
        "pytorch_version": "2.2.1+cpu",
        "numpy_version": "1.23.5",
        "end_time_seconds": "1784282725"
    },
    "total": 83.42503980000038,
    "count": 1,
    "self": 0.20437979999951494,
    "children": {
        "run_training.setup": {
            "total": 0.9739293000002363,
            "count": 1,
            "self": 0.9739293000002363
        },
        "TrainerController.start_learning": {
            "total": 82.24673070000063,
            "count": 1,
            "self": 0.08949420006138098,
            "children": {
                "TrainerController._reset_env": {
                    "total": 26.427887899999405,
                    "count": 1,
                    "self": 26.427887899999405
                },
                "TrainerController.advance": {
                    "total": 55.237166099939714,
                    "count": 2763,
                    "self": 0.05485919993043353,
                    "children": {
                        "env_step": {
                            "total": 53.27827900001466,
                            "count": 2763,
                            "self": 7.706184900142034,
                            "children": {
                                "SubprocessEnvManager._take_step": {
                                    "total": 45.463741699999446,
                                    "count": 23196,
                                    "self": 1.4440332000667695,
                                    "children": {
                                        "TorchPolicy.evaluate": {
                                            "total": 44.019708499932676,
                                            "count": 23195,
                                            "self": 44.019708499932676
                                        }
                                    }
                                },
                                "workers": {
                                    "total": 0.10835239987318346,
                                    "count": 2762,
                                    "self": 0.0,
                                    "children": {
                                        "worker_root": {
                                            "total": 567.2478650001467,
                                            "count": 23194,
                                            "is_parallel": true,
                                            "self": 510.01378160014065,
                                            "children": {
                                                "steps_from_proto": {
                                                    "total": 0.019337400000949856,
                                                    "count": 10,
                                                    "is_parallel": true,
                                                    "self": 0.006772500006263726,
                                                    "children": {
                                                        "_process_rank_one_or_two_observation": {
                                                            "total": 0.01256489999468613,
                                                            "count": 80,
                                                            "is_parallel": true,
                                                            "self": 0.01256489999468613
                                                        }
                                                    }
                                                },
                                                "UnityEnvironment.step": {
                                                    "total": 57.21474600000511,
                                                    "count": 23194,
                                                    "is_parallel": true,
                                                    "self": 2.023725500012006,
                                                    "children": {
                                                        "UnityEnvironment._generate_step_input": {
                                                            "total": 1.8906283000469557,
                                                            "count": 23194,
                                                            "is_parallel": true,
                                                            "self": 1.8906283000469557
                                                        },
                                                        "communicator.exchange": {
                                                            "total": 45.231723500051885,
                                                            "count": 23194,