{
    "name": "root",
    "gauges": {
        "GFSX_Brain.Policy.Entropy.mean": {
            "value": 2.505387783050537,
            "min": 2.505387783050537,
            "max": 2.5193493366241455,
            "count": 30
        },
        "GFSX_Brain.Policy.Entropy.sum": {
            "value": 23801.18359375,
            "min": 14516.595703125,
            "max": 32369.40625,
            "count": 30
        },
        "GFSX_Brain.Environment.EpisodeLength.mean": {
            "value": 987.7,
            "min": 833.1666666666666,
            "max": 999.0,
            "count": 30
        },
        "GFSX_Brain.Environment.EpisodeLength.sum": {
            "value": 9877.0,
            "min": 2981.0,
            "max": 10627.0,
            "count": 30
        },
        "GFSX_Brain.Step.mean": {
            "value": 309580.0,
            "min": 19353.0,
            "max": 309580.0,
            "count": 30
        },
        "GFSX_Brain.Step.sum": {
            "value": 309580.0,
            "min": 19353.0,
            "max": 309580.0,
            "count": 30
        },
        "GFSX_Brain.Policy.ExtrinsicValueEstimate.mean": {
            "value": -0.14804187417030334,
            "min": -0.19591298699378967,
            "max": 0.05766761302947998,
            "count": 30
        },
        "GFSX_Brain.Policy.ExtrinsicValueEstimate.sum": {
            "value": -1.4804186820983887,
            "min": -1.959129810333252,
            "max": 0.6343437433242798,
            "count": 30
        },
        "GFSX_Brain.Environment.CumulativeReward.mean": {
            "value": -1.2163892209529876,
            "min": -4.343282699584961,
            "max": 1.4581571221351624,
            "count": 30
        },
        "GFSX_Brain.Environment.CumulativeReward.sum": {
            "value": -12.163892209529877,
            "min": -35.665809631347656,
            "max": 17.49788546562195,
            "count": 30
        },
        "GFSX_Brain.Policy.ExtrinsicReward.mean": {
            "value": -1.2163892209529876,
            "min": -4.343282699584961,
            "max": 1.4581571221351624,
            "count": 30
        },
        "GFSX_Brain.Policy.ExtrinsicReward.sum": {
            "value": -12.163892209529877,
            "min": -35.665809631347656,
            "max": 17.49788546562195,
            "count": 30
        },
        "GFSX_Brain.IsTraining.mean": {
            "value": 1.0,
            "min": 1.0,
            "max": 1.0,
            "count": 30
        },
        "GFSX_Brain.IsTraining.sum": {
            "value": 1.0,
            "min": 1.0,
            "max": 1.0,
            "count": 30
        },
        "GFSX_Brain.Losses.PolicyLoss.mean": {
            "value": 0.11210772947003231,
            "min": 0.0855353344096026,
            "max": 0.12546398987372717,
            "count": 14
        },
        "GFSX_Brain.Losses.PolicyLoss.sum": {
            "value": 0.11210772947003231,
            "min": 0.0855353344096026,
            "max": 0.12546398987372717,
            "count": 14
        },
        "GFSX_Brain.Losses.ValueLoss.mean": {
            "value": 0.2587271290210386,
            "min": 0.010718893872884412,
            "max": 0.2587271290210386,
            "count": 14
        },
        "GFSX_Brain.Losses.ValueLoss.sum": {
            "value": 0.2587271290210386,
            "min": 0.010718893872884412,
            "max": 0.2587271290210386,
            "count": 14
        },
        "GFSX_Brain.Policy.LearningRate.mean": {
            "value": 0.00028178178607274,
            "min": 0.00028178178607274,
            "max": 0.00029773134075622003,
            "count": 14
        },
        "GFSX_Brain.Policy.LearningRate.sum": {
            "value": 0.00028178178607274,
            "min": 0.00028178178607274,
            "max": 0.00029773134075622003,
            "count": 14
        },
        "GFSX_Brain.Policy.Epsilon.mean": {
            "value": 0.19392726000000005,
            "min": 0.19392726000000005,
            "max": 0.19924378,
            "count": 14
        },
        "GFSX_Brain.Policy.Epsilon.sum": {
            "value": 0.19392726000000005,
            "min": 0.19392726000000005,
            "max": 0.19924378,
            "count": 14
        },
        "GFSX_Brain.Policy.Beta.mean": {
            "value": 0.004696970274,
            "min": 0.004696970274,
            "max": 0.004962264622,
            "count": 14
        },
        "GFSX_Brain.Policy.Beta.sum": {
            "value": 0.004696970274,
            "min": 0.004696970274,
            "max": 0.004962264622,
            "count": 14
        }
    },
    "metadata": {
        "timer_format_version": "0.1.0",
        "start_time_seconds": "1784282748",
        "python_version": "3.10.12 | packaged by Anaconda, Inc. | (main, Jul  5 2023, 19:01:18) [MSC v.1916 64 bit (AMD64)]",
        "command_line_arguments": "C:\\Users\\kirill\\miniconda3\\envs\\mlagents\\Scripts\\mlagents-learn config.yaml --env=./Builds/testBuild2/Studcamp1.exe --run-id=my_thr_run --num-envs=5 --no-graphics --resume",
        "mlagents_version": "1.1.0",
        "mlagents_envs_version": "1.1.0",
        "communication_protocol_version": "1.5.0",
        "pytorch_version": "2.2.1+cpu",
        "numpy_version": "1.23.5",
        "end_time_seconds": "1784284322"
    },
    "total": 1573.4514123999998,
    "count": 1,
    "self": 0.060149299997647176,
    "children": {
        "run_training.setup": {
            "total": 0.4394456000009086,
            "count": 1,
            "self": 0.4394456000009086
        },
        "TrainerController.start_learning": {
            "total": 1572.9518175000012,
            "count": 1,
            "self": 3.2105412001656077,
            "children": {
                "TrainerController._reset_env": {
                    "total": 4.735622300000614,
                    "count": 1,
                    "self": 4.735622300000614
                },
                "TrainerController.advance": {
                    "total": 1564.7689559998344,
                    "count": 84984,
                    "self": 2.435902800230906,
                    "children": {
                        "env_step": {
                            "total": 1340.5595154998027,
                            "count": 84984,
                            "self": 279.6710823003159,
                            "children": {
                                "SubprocessEnvManager._take_step": {
                                    "total": 1057.4635338993903,
                                    "count": 300297,
                                    "self": 29.71987519963841,
                                    "children": {
                                        "TorchPolicy.evaluate": {
                                            "total": 1027.743658699752,
                                            "count": 300052,
                                            "self": 1027.743658699752
                                        }
                                    }
                                },
                                "workers": {
                                    "total": 3.424899300096513,
                                    "count": 84983,
                                    "self": 0.0,
                                    "children": {
                                        "worker_root": {
                                            "total": 7835.023834399515,
                                            "count": 300292,
                                            "is_parallel": true,
                                            "self": 6968.516272598985,
                                            "children": {
                                                "steps_from_proto": {
                                                    "total": 0.0025062000004254514,
                                                    "count": 5,